{"cameraMode":{"drawMode":0,"name":"Shaded","section":"Shading Mode"},"sceneLighting":false,"audioPlay":false,"sceneViewState":{"showFog":true,"showMaterialUpdate":true,"showSkybox":false,"showFlares":true,"showImageEffects":true,"showParticleSystems":true},"in2DMode":false,"pivot":{"x":0.3023102283477783,"y":-0.07660757005214691,"z":0.10459347814321518},"rotation":{"x":-0.31140628457069399,"y":-0.3997681140899658,"z":0.14654558897018434,"w":-0.8495780825614929},"size":1.428942322731018,"orthographic":false}