{"cameraMode":{"drawMode":0,"name":"Shaded","section":"Shading Mode"},"sceneLighting":true,"audioPlay":false,"sceneViewState":{"showFog":true,"showMaterialUpdate":true,"showSkybox":true,"showFlares":true,"showImageEffects":true,"showParticleSystems":true},"in2DMode":false,"pivot":{"x":4.111386775970459,"y":8.11524486541748,"z":21.172218322753908},"rotation":{"x":-0.04816116392612457,"y":-0.0841350182890892,"z":0.0039903996512293819,"w":-0.9953707456588745},"size":27.111186981201173,"orthographic":false}