{"cameraMode":{"drawMode":0,"name":"Shaded","section":"Shading Mode"},"sceneLighting":false,"audioPlay":false,"sceneViewState":{"showFog":true,"showMaterialUpdate":true,"showSkybox":false,"showFlares":true,"showImageEffects":true,"showParticleSystems":true},"in2DMode":false,"pivot":{"x":0.5752484202384949,"y":0.13294993340969087,"z":-1.1004921197891236},"rotation":{"x":-0.18083660304546357,"y":-0.013595028780400753,"z":0.0024701165966689588,"w":-0.9834907054901123},"size":20.981300354003908,"orthographic":false}