{"cameraMode":{"drawMode":0,"name":"Shaded","section":"Shading Mode"},"sceneLighting":false,"audioPlay":false,"sceneViewState":{"showFog":true,"showMaterialUpdate":true,"showSkybox":false,"showFlares":true,"showImageEffects":true,"showParticleSystems":true},"in2DMode":false,"pivot":{"x":0.3603048026561737,"y":-9.387724876403809,"z":5.82392692565918},"rotation":{"x":0.05354701727628708,"y":-0.0572105310857296,"z":-0.0031310440972447397,"w":-0.9970126152038574},"size":9.360217094421387,"orthographic":false}